0,1
Datasets\mc_dataset\20310.png,20310
Datasets\mc_dataset\59665.png,59665
Datasets\mc_dataset\65621.png,65621
Datasets\mc_dataset\88449.png,88449
Datasets\mc_dataset\14202.png,14202
Datasets\mc_dataset\47137.png,47137
Datasets\mc_dataset\94601.png,94601
Datasets\mc_dataset\45851.png,45851
Datasets\mc_dataset\72214.png,72214
Datasets\mc_dataset\88539.png,88539
Datasets\mc_dataset\39851.png,39851
Datasets\mc_dataset\28108.png,28108
Datasets\mc_dataset\71526.png,71526
Datasets\mc_dataset\75115.png,75115
Datasets\mc_dataset\19033.png,19033
Datasets\mc_dataset\16766.png,16766
Datasets\mc_dataset\49089.png,49089
Datasets\mc_dataset\68962.png,68962
Datasets\mc_dataset\93388.png,93388
Datasets\mc_dataset\82946.png,82946
Datasets\mc_dataset\40063.png,40063
Datasets\mc_dataset\91047.png,91047
Datasets\mc_dataset\42620.png,42620
Datasets\mc_dataset\10227.png,10227
Datasets\mc_dataset\73902.png,73902
Datasets\mc_dataset\37261.png,37261
Datasets\mc_dataset\43596.png,43596
Datasets\mc_dataset\95097.png,95097
Datasets\mc_dataset\76577.png,76577
Datasets\mc_dataset\14936.png,14936
Datasets\mc_dataset\76254.png,76254
Datasets\mc_dataset\18579.png,18579
Datasets\mc_dataset\38697.png,38697
Datasets\mc_dataset\43592.png,43592
Datasets\mc_dataset\38575.png,38575
Datasets\mc_dataset\19535.png,19535
Datasets\mc_dataset\25327.png,25327
Datasets\mc_dataset\74345.png,74345
Datasets\mc_dataset\75510.png,75510
Datasets\mc_dataset\65643.png,65643
Datasets\mc_dataset\90785.png,90785
Datasets\mc_dataset\61562.png,61562
Datasets\mc_dataset\44558.png,44558
Datasets\mc_dataset\14424.png,14424
Datasets\mc_dataset\39382.png,39382
Datasets\mc_dataset\42461.png,42461
Datasets\mc_dataset\50645.png,50645
Datasets\mc_dataset\29956.png,29956
Datasets\mc_dataset\79952.png,79952
Datasets\mc_dataset\81074.png,81074
Datasets\mc_dataset\69251.png,69251
Datasets\mc_dataset\73627.png,73627
Datasets\mc_dataset\46468.png,46468
Datasets\mc_dataset\14222.png,14222
Datasets\mc_dataset\87313.png,87313
Datasets\mc_dataset\66782.png,66782
Datasets\mc_dataset\93219.png,93219
Datasets\mc_dataset\56648.png,56648
Datasets\mc_dataset\32301.png,32301
Datasets\mc_dataset\80402.png,80402
Datasets\mc_dataset\59381.png,59381
Datasets\mc_dataset\44544.png,44544
Datasets\mc_dataset\36170.png,36170
Datasets\mc_dataset\29558.png,29558
Datasets\mc_dataset\12899.png,12899
Datasets\mc_dataset\41104.png,41104
Datasets\mc_dataset\20522.png,20522
Datasets\mc_dataset\40922.png,40922
Datasets\mc_dataset\95137.png,95137
Datasets\mc_dataset\40643.png,40643
Datasets\mc_dataset\35997.png,35997
Datasets\mc_dataset\28974.png,28974
Datasets\mc_dataset\34308.png,34308
Datasets\mc_dataset\66061.png,66061
Datasets\mc_dataset\27163.png,27163
Datasets\mc_dataset\83594.png,83594
Datasets\mc_dataset\12616.png,12616
Datasets\mc_dataset\66819.png,66819
Datasets\mc_dataset\27264.png,27264
Datasets\mc_dataset\93680.png,93680
Datasets\mc_dataset\11550.png,11550
Datasets\mc_dataset\31353.png,31353
Datasets\mc_dataset\17765.png,17765
Datasets\mc_dataset\47365.png,47365
Datasets\mc_dataset\98557.png,98557
Datasets\mc_dataset\94468.png,94468
Datasets\mc_dataset\54416.png,54416
Datasets\mc_dataset\81104.png,81104
Datasets\mc_dataset\59331.png,59331
Datasets\mc_dataset\25794.png,25794
Datasets\mc_dataset\34653.png,34653
Datasets\mc_dataset\89886.png,89886
Datasets\mc_dataset\29485.png,29485
Datasets\mc_dataset\52329.png,52329
Datasets\mc_dataset\53714.png,53714
Datasets\mc_dataset\93719.png,93719
Datasets\mc_dataset\40496.png,40496
Datasets\mc_dataset\81920.png,81920
Datasets\mc_dataset\69360.png,69360
Datasets\mc_dataset\83202.png,83202
Datasets\mc_dataset\91122.png,91122
Datasets\mc_dataset\80906.png,80906
Datasets\mc_dataset\78074.png,78074
Datasets\mc_dataset\60462.png,60462
Datasets\mc_dataset\75598.png,75598
Datasets\mc_dataset\57282.png,57282
Datasets\mc_dataset\29351.png,29351
Datasets\mc_dataset\69895.png,69895
Datasets\mc_dataset\23824.png,23824
Datasets\mc_dataset\36203.png,36203
Datasets\mc_dataset\78141.png,78141
Datasets\mc_dataset\32870.png,32870
Datasets\mc_dataset\84930.png,84930
Datasets\mc_dataset\77621.png,77621
Datasets\mc_dataset\18989.png,18989
Datasets\mc_dataset\81213.png,81213
Datasets\mc_dataset\27628.png,27628
Datasets\mc_dataset\66750.png,66750
Datasets\mc_dataset\34840.png,34840
Datasets\mc_dataset\24906.png,24906
Datasets\mc_dataset\78737.png,78737
Datasets\mc_dataset\41580.png,41580
Datasets\mc_dataset\26325.png,26325
Datasets\mc_dataset\64066.png,64066
Datasets\mc_dataset\27179.png,27179
Datasets\mc_dataset\98204.png,98204
Datasets\mc_dataset\26532.png,26532
Datasets\mc_dataset\63294.png,63294
Datasets\mc_dataset\12416.png,12416
Datasets\mc_dataset\30806.png,30806
Datasets\mc_dataset\89076.png,89076
Datasets\mc_dataset\78656.png,78656
Datasets\mc_dataset\35432.png,35432
Datasets\mc_dataset\43481.png,43481
Datasets\mc_dataset\96423.png,96423
Datasets\mc_dataset\89218.png,89218
Datasets\mc_dataset\55167.png,55167
Datasets\mc_dataset\41837.png,41837
Datasets\mc_dataset\63597.png,63597
Datasets\mc_dataset\19297.png,19297
Datasets\mc_dataset\38915.png,38915
Datasets\mc_dataset\67884.png,67884
Datasets\mc_dataset\48290.png,48290
Datasets\mc_dataset\14956.png,14956
Datasets\mc_dataset\97849.png,97849
Datasets\mc_dataset\23075.png,23075
Datasets\mc_dataset\70321.png,70321
Datasets\mc_dataset\21718.png,21718
Datasets\mc_dataset\44248.png,44248
Datasets\mc_dataset\35553.png,35553
Datasets\mc_dataset\83883.png,83883
Datasets\mc_dataset\46056.png,46056
Datasets\mc_dataset\37856.png,37856
Datasets\mc_dataset\26380.png,26380
Datasets\mc_dataset\56663.png,56663
Datasets\mc_dataset\45216.png,45216
Datasets\mc_dataset\45364.png,45364
Datasets\mc_dataset\51663.png,51663
Datasets\mc_dataset\95540.png,95540
Datasets\mc_dataset\21661.png,21661
Datasets\mc_dataset\75483.png,75483
Datasets\mc_dataset\79896.png,79896
Datasets\mc_dataset\48504.png,48504
Datasets\mc_dataset\64984.png,64984
Datasets\mc_dataset\96244.png,96244
Datasets\mc_dataset\61652.png,61652
Datasets\mc_dataset\91714.png,91714
Datasets\mc_dataset\67698.png,67698
Datasets\mc_dataset\40453.png,40453
Datasets\mc_dataset\97151.png,97151
Datasets\mc_dataset\36979.png,36979
Datasets\mc_dataset\20760.png,20760
Datasets\mc_dataset\62312.png,62312
Datasets\mc_dataset\73521.png,73521
Datasets\mc_dataset\72975.png,72975
Datasets\mc_dataset\59870.png,59870
Datasets\mc_dataset\43232.png,43232
Datasets\mc_dataset\35872.png,35872
Datasets\mc_dataset\74315.png,74315
Datasets\mc_dataset\93697.png,93697
Datasets\mc_dataset\66413.png,66413
Datasets\mc_dataset\62111.png,62111
Datasets\mc_dataset\83528.png,83528
Datasets\mc_dataset\77230.png,77230
Datasets\mc_dataset\99802.png,99802
Datasets\mc_dataset\75684.png,75684
Datasets\mc_dataset\92453.png,92453
Datasets\mc_dataset\51097.png,51097
Datasets\mc_dataset\78691.png,78691
Datasets\mc_dataset\38233.png,38233
Datasets\mc_dataset\87995.png,87995
Datasets\mc_dataset\66414.png,66414
Datasets\mc_dataset\21245.png,21245
Datasets\mc_dataset\13793.png,13793
Datasets\mc_dataset\81965.png,81965
Datasets\mc_dataset\84198.png,84198
Datasets\mc_dataset\65199.png,65199
Datasets\mc_dataset\56174.png,56174
Datasets\mc_dataset\50880.png,50880
Datasets\mc_dataset\75396.png,75396
Datasets\mc_dataset\34623.png,34623
Datasets\mc_dataset\19724.png,19724
Datasets\mc_dataset\60826.png,60826
Datasets\mc_dataset\46940.png,46940
Datasets\mc_dataset\80209.png,80209
Datasets\mc_dataset\54616.png,54616
Datasets\mc_dataset\72004.png,72004
Datasets\mc_dataset\95836.png,95836
Datasets\mc_dataset\49539.png,49539
Datasets\mc_dataset\19704.png,19704
Datasets\mc_dataset\87959.png,87959
Datasets\mc_dataset\26649.png,26649
Datasets\mc_dataset\98918.png,98918
Datasets\mc_dataset\86875.png,86875
Datasets\mc_dataset\69333.png,69333
Datasets\mc_dataset\50017.png,50017
Datasets\mc_dataset\98059.png,98059
Datasets\mc_dataset\84248.png,84248
Datasets\mc_dataset\77655.png,77655
Datasets\mc_dataset\83521.png,83521
Datasets\mc_dataset\52730.png,52730
Datasets\mc_dataset\75423.png,75423
Datasets\mc_dataset\30993.png,30993
Datasets\mc_dataset\94940.png,94940
Datasets\mc_dataset\33503.png,33503
Datasets\mc_dataset\90589.png,90589
Datasets\mc_dataset\64945.png,64945
Datasets\mc_dataset\99262.png,99262
Datasets\mc_dataset\20382.png,20382
Datasets\mc_dataset\23169.png,23169
Datasets\mc_dataset\36451.png,36451
Datasets\mc_dataset\88544.png,88544
Datasets\mc_dataset\50325.png,50325
Datasets\mc_dataset\16975.png,16975
Datasets\mc_dataset\60164.png,60164
Datasets\mc_dataset\34695.png,34695
Datasets\mc_dataset\50690.png,50690
Datasets\mc_dataset\42220.png,42220
Datasets\mc_dataset\36976.png,36976
Datasets\mc_dataset\27387.png,27387
Datasets\mc_dataset\40821.png,40821
Datasets\mc_dataset\21542.png,21542
Datasets\mc_dataset\93693.png,93693
Datasets\mc_dataset\94052.png,94052
Datasets\mc_dataset\22227.png,22227
Datasets\mc_dataset\81664.png,81664
Datasets\mc_dataset\71413.png,71413
Datasets\mc_dataset\51231.png,51231
Datasets\mc_dataset\14691.png,14691
Datasets\mc_dataset\56545.png,56545
Datasets\mc_dataset\73248.png,73248
Datasets\mc_dataset\54550.png,54550
Datasets\mc_dataset\24081.png,24081
Datasets\mc_dataset\56583.png,56583
Datasets\mc_dataset\76326.png,76326
Datasets\mc_dataset\82180.png,82180
Datasets\mc_dataset\55043.png,55043
Datasets\mc_dataset\51763.png,51763
Datasets\mc_dataset\51228.png,51228
Datasets\mc_dataset\59845.png,59845
Datasets\mc_dataset\96645.png,96645
Datasets\mc_dataset\20319.png,20319
Datasets\mc_dataset\47745.png,47745
Datasets\mc_dataset\83187.png,83187
Datasets\mc_dataset\75337.png,75337
Datasets\mc_dataset\99893.png,99893
Datasets\mc_dataset\13621.png,13621
Datasets\mc_dataset\90623.png,90623
Datasets\mc_dataset\93688.png,93688
Datasets\mc_dataset\49750.png,49750
Datasets\mc_dataset\45895.png,45895
Datasets\mc_dataset\50362.png,50362
Datasets\mc_dataset\53416.png,53416
Datasets\mc_dataset\74166.png,74166
Datasets\mc_dataset\66427.png,66427
Datasets\mc_dataset\30504.png,30504
Datasets\mc_dataset\77736.png,77736
Datasets\mc_dataset\60751.png,60751
Datasets\mc_dataset\42869.png,42869
Datasets\mc_dataset\29366.png,29366
Datasets\mc_dataset\55694.png,55694
Datasets\mc_dataset\70590.png,70590
Datasets\mc_dataset\29840.png,29840
Datasets\mc_dataset\84031.png,84031
Datasets\mc_dataset\58223.png,58223
Datasets\mc_dataset\25238.png,25238
Datasets\mc_dataset\91555.png,91555
Datasets\mc_dataset\22453.png,22453
Datasets\mc_dataset\20978.png,20978
Datasets\mc_dataset\26849.png,26849
Datasets\mc_dataset\86394.png,86394
Datasets\mc_dataset\27585.png,27585
Datasets\mc_dataset\59205.png,59205
Datasets\mc_dataset\34952.png,34952
Datasets\mc_dataset\86522.png,86522
Datasets\mc_dataset\40509.png,40509
Datasets\mc_dataset\29667.png,29667
Datasets\mc_dataset\97122.png,97122
Datasets\mc_dataset\25852.png,25852
Datasets\mc_dataset\90143.png,90143
Datasets\mc_dataset\87222.png,87222
Datasets\mc_dataset\28191.png,28191
Datasets\mc_dataset\18724.png,18724
Datasets\mc_dataset\11361.png,11361
Datasets\mc_dataset\13668.png,13668
Datasets\mc_dataset\44149.png,44149
Datasets\mc_dataset\28830.png,28830
Datasets\mc_dataset\83016.png,83016
Datasets\mc_dataset\33409.png,33409
Datasets\mc_dataset\78782.png,78782
Datasets\mc_dataset\99636.png,99636
Datasets\mc_dataset\92469.png,92469
Datasets\mc_dataset\84185.png,84185
Datasets\mc_dataset\81024.png,81024
Datasets\mc_dataset\31816.png,31816
Datasets\mc_dataset\49058.png,49058
Datasets\mc_dataset\87936.png,87936
Datasets\mc_dataset\42927.png,42927
Datasets\mc_dataset\24316.png,24316
Datasets\mc_dataset\68834.png,68834
Datasets\mc_dataset\14815.png,14815
Datasets\mc_dataset\37794.png,37794
Datasets\mc_dataset\62379.png,62379
Datasets\mc_dataset\96946.png,96946
Datasets\mc_dataset\47120.png,47120
Datasets\mc_dataset\97209.png,97209
Datasets\mc_dataset\23287.png,23287
Datasets\mc_dataset\32293.png,32293
Datasets\mc_dataset\99826.png,99826
Datasets\mc_dataset\78164.png,78164
Datasets\mc_dataset\90255.png,90255
Datasets\mc_dataset\26207.png,26207
Datasets\mc_dataset\90925.png,90925
Datasets\mc_dataset\83929.png,83929
Datasets\mc_dataset\79786.png,79786
Datasets\mc_dataset\27823.png,27823
Datasets\mc_dataset\77284.png,77284
Datasets\mc_dataset\61973.png,61973
Datasets\mc_dataset\82427.png,82427
Datasets\mc_dataset\68424.png,68424
Datasets\mc_dataset\48354.png,48354
Datasets\mc_dataset\81591.png,81591
Datasets\mc_dataset\89279.png,89279
Datasets\mc_dataset\51980.png,51980
Datasets\mc_dataset\57398.png,57398
Datasets\mc_dataset\18477.png,18477
Datasets\mc_dataset\94050.png,94050
Datasets\mc_dataset\81929.png,81929
Datasets\mc_dataset\13556.png,13556
Datasets\mc_dataset\33840.png,33840
Datasets\mc_dataset\38032.png,38032
Datasets\mc_dataset\13502.png,13502
Datasets\mc_dataset\89924.png,89924
Datasets\mc_dataset\83905.png,83905
Datasets\mc_dataset\13255.png,13255
Datasets\mc_dataset\89831.png,89831
Datasets\mc_dataset\65715.png,65715
Datasets\mc_dataset\16995.png,16995
Datasets\mc_dataset\39398.png,39398
Datasets\mc_dataset\74071.png,74071
Datasets\mc_dataset\75778.png,75778
Datasets\mc_dataset\84932.png,84932
Datasets\mc_dataset\26578.png,26578
Datasets\mc_dataset\24404.png,24404
Datasets\mc_dataset\78281.png,78281
Datasets\mc_dataset\41524.png,41524
Datasets\mc_dataset\71826.png,71826
Datasets\mc_dataset\36584.png,36584
Datasets\mc_dataset\11424.png,11424
Datasets\mc_dataset\93864.png,93864
Datasets\mc_dataset\24574.png,24574
Datasets\mc_dataset\62957.png,62957
Datasets\mc_dataset\15065.png,15065
Datasets\mc_dataset\70055.png,70055
Datasets\mc_dataset\59612.png,59612
Datasets\mc_dataset\91132.png,91132
Datasets\mc_dataset\86151.png,86151
Datasets\mc_dataset\27095.png,27095
Datasets\mc_dataset\36974.png,36974
Datasets\mc_dataset\34924.png,34924
Datasets\mc_dataset\99281.png,99281
Datasets\mc_dataset\74150.png,74150
Datasets\mc_dataset\42832.png,42832
Datasets\mc_dataset\99914.png,99914
Datasets\mc_dataset\72183.png,72183
Datasets\mc_dataset\20638.png,20638
Datasets\mc_dataset\85838.png,85838
Datasets\mc_dataset\26020.png,26020
Datasets\mc_dataset\23044.png,23044
Datasets\mc_dataset\61671.png,61671
Datasets\mc_dataset\19979.png,19979
Datasets\mc_dataset\72933.png,72933
Datasets\mc_dataset\31929.png,31929
Datasets\mc_dataset\72330.png,72330
Datasets\mc_dataset\63341.png,63341
Datasets\mc_dataset\33701.png,33701
Datasets\mc_dataset\41222.png,41222
Datasets\mc_dataset\22630.png,22630
Datasets\mc_dataset\48610.png,48610
Datasets\mc_dataset\14095.png,14095
Datasets\mc_dataset\69871.png,69871
Datasets\mc_dataset\43134.png,43134
Datasets\mc_dataset\92358.png,92358
Datasets\mc_dataset\82344.png,82344
Datasets\mc_dataset\66343.png,66343
Datasets\mc_dataset\64155.png,64155
Datasets\mc_dataset\29496.png,29496
Datasets\mc_dataset\10703.png,10703
Datasets\mc_dataset\33376.png,33376
Datasets\mc_dataset\31052.png,31052
Datasets\mc_dataset\48904.png,48904
Datasets\mc_dataset\52072.png,52072
Datasets\mc_dataset\89057.png,89057
Datasets\mc_dataset\37786.png,37786
Datasets\mc_dataset\46528.png,46528
Datasets\mc_dataset\64463.png,64463
Datasets\mc_dataset\34731.png,34731
Datasets\mc_dataset\65490.png,65490
Datasets\mc_dataset\51419.png,51419
Datasets\mc_dataset\68555.png,68555
Datasets\mc_dataset\65780.png,65780
Datasets\mc_dataset\66681.png,66681
Datasets\mc_dataset\76030.png,76030
Datasets\mc_dataset\91590.png,91590
Datasets\mc_dataset\88713.png,88713
Datasets\mc_dataset\34980.png,34980
Datasets\mc_dataset\18597.png,18597
Datasets\mc_dataset\32862.png,32862
Datasets\mc_dataset\59104.png,59104
Datasets\mc_dataset\32353.png,32353
Datasets\mc_dataset\38511.png,38511
Datasets\mc_dataset\26826.png,26826
Datasets\mc_dataset\40971.png,40971
Datasets\mc_dataset\65762.png,65762
Datasets\mc_dataset\75379.png,75379
Datasets\mc_dataset\80397.png,80397
Datasets\mc_dataset\71508.png,71508
Datasets\mc_dataset\30642.png,30642
Datasets\mc_dataset\73380.png,73380
Datasets\mc_dataset\57189.png,57189
Datasets\mc_dataset\29140.png,29140
Datasets\mc_dataset\37617.png,37617
Datasets\mc_dataset\60713.png,60713
Datasets\mc_dataset\50699.png,50699
Datasets\mc_dataset\59539.png,59539
Datasets\mc_dataset\64714.png,64714
Datasets\mc_dataset\72444.png,72444
Datasets\mc_dataset\34929.png,34929
Datasets\mc_dataset\60655.png,60655
Datasets\mc_dataset\60318.png,60318
Datasets\mc_dataset\71077.png,71077
Datasets\mc_dataset\19043.png,19043
Datasets\mc_dataset\26758.png,26758
Datasets\mc_dataset\91015.png,91015
Datasets\mc_dataset\89115.png,89115
Datasets\mc_dataset\99191.png,99191
Datasets\mc_dataset\85677.png,85677
Datasets\mc_dataset\58569.png,58569
Datasets\mc_dataset\96474.png,96474
Datasets\mc_dataset\93300.png,93300
Datasets\mc_dataset\44623.png,44623
Datasets\mc_dataset\54801.png,54801
Datasets\mc_dataset\76668.png,76668
Datasets\mc_dataset\46309.png,46309
Datasets\mc_dataset\46760.png,46760
Datasets\mc_dataset\85832.png,85832
Datasets\mc_dataset\68608.png,68608
Datasets\mc_dataset\78801.png,78801
Datasets\mc_dataset\80465.png,80465
Datasets\mc_dataset\15432.png,15432
Datasets\mc_dataset\46986.png,46986
Datasets\mc_dataset\37632.png,37632
Datasets\mc_dataset\22870.png,22870
Datasets\mc_dataset\53241.png,53241
Datasets\mc_dataset\57816.png,57816
Datasets\mc_dataset\20845.png,20845
Datasets\mc_dataset\40527.png,40527
Datasets\mc_dataset\29534.png,29534
Datasets\mc_dataset\46454.png,46454
Datasets\mc_dataset\10039.png,10039
Datasets\mc_dataset\92498.png,92498
Datasets\mc_dataset\78749.png,78749
Datasets\mc_dataset\75010.png,75010
Datasets\mc_dataset\33789.png,33789
Datasets\mc_dataset\97363.png,97363
Datasets\mc_dataset\53550.png,53550
Datasets\mc_dataset\28633.png,28633
Datasets\mc_dataset\84222.png,84222
Datasets\mc_dataset\17032.png,17032
Datasets\mc_dataset\39998.png,39998
Datasets\mc_dataset\85777.png,85777
Datasets\mc_dataset\58576.png,58576
Datasets\mc_dataset\91829.png,91829
Datasets\mc_dataset\59090.png,59090
Datasets\mc_dataset\15839.png,15839
Datasets\mc_dataset\99727.png,99727
Datasets\mc_dataset\37211.png,37211
Datasets\mc_dataset\90768.png,90768
Datasets\mc_dataset\42267.png,42267
Datasets\mc_dataset\41272.png,41272
Datasets\mc_dataset\68625.png,68625
Datasets\mc_dataset\62715.png,62715
Datasets\mc_dataset\67128.png,67128
Datasets\mc_dataset\33763.png,33763
Datasets\mc_dataset\34777.png,34777
Datasets\mc_dataset\77287.png,77287
Datasets\mc_dataset\21928.png,21928
Datasets\mc_dataset\78987.png,78987
Datasets\mc_dataset\12610.png,12610
Datasets\mc_dataset\24668.png,24668
Datasets\mc_dataset\19026.png,19026
Datasets\mc_dataset\97897.png,97897
Datasets\mc_dataset\99963.png,99963
Datasets\mc_dataset\42418.png,42418
Datasets\mc_dataset\55629.png,55629
Datasets\mc_dataset\64930.png,64930
Datasets\mc_dataset\47866.png,47866
Datasets\mc_dataset\66552.png,66552
Datasets\mc_dataset\60937.png,60937
Datasets\mc_dataset\41867.png,41867
Datasets\mc_dataset\61214.png,61214
Datasets\mc_dataset\11304.png,11304
Datasets\mc_dataset\55115.png,55115
Datasets\mc_dataset\72194.png,72194
Datasets\mc_dataset\85945.png,85945
Datasets\mc_dataset\22612.png,22612
Datasets\mc_dataset\71365.png,71365
Datasets\mc_dataset\91806.png,91806
Datasets\mc_dataset\22379.png,22379
Datasets\mc_dataset\83919.png,83919
Datasets\mc_dataset\30384.png,30384
Datasets\mc_dataset\75389.png,75389
Datasets\mc_dataset\36678.png,36678
Datasets\mc_dataset\66622.png,66622
Datasets\mc_dataset\15631.png,15631
Datasets\mc_dataset\38772.png,38772
Datasets\mc_dataset\90122.png,90122
Datasets\mc_dataset\54411.png,54411
Datasets\mc_dataset\72186.png,72186
Datasets\mc_dataset\36666.png,36666
Datasets\mc_dataset\39580.png,39580
Datasets\mc_dataset\45289.png,45289
Datasets\mc_dataset\20353.png,20353
Datasets\mc_dataset\15520.png,15520
Datasets\mc_dataset\33801.png,33801
Datasets\mc_dataset\65290.png,65290
Datasets\mc_dataset\71352.png,71352
Datasets\mc_dataset\72600.png,72600
Datasets\mc_dataset\92509.png,92509
Datasets\mc_dataset\22871.png,22871
Datasets\mc_dataset\32211.png,32211
Datasets\mc_dataset\54536.png,54536
Datasets\mc_dataset\87658.png,87658
Datasets\mc_dataset\59168.png,59168
Datasets\mc_dataset\59829.png,59829
Datasets\mc_dataset\45750.png,45750
Datasets\mc_dataset\86945.png,86945
Datasets\mc_dataset\28183.png,28183
Datasets\mc_dataset\31367.png,31367
Datasets\mc_dataset\60881.png,60881
Datasets\mc_dataset\61111.png,61111
Datasets\mc_dataset\85601.png,85601
Datasets\mc_dataset\99832.png,99832
Datasets\mc_dataset\48804.png,48804
Datasets\mc_dataset\33057.png,33057
Datasets\mc_dataset\78745.png,78745
Datasets\mc_dataset\50560.png,50560
Datasets\mc_dataset\63382.png,63382
Datasets\mc_dataset\63565.png,63565
Datasets\mc_dataset\60734.png,60734
Datasets\mc_dataset\67926.png,67926
Datasets\mc_dataset\66712.png,66712
Datasets\mc_dataset\81356.png,81356
Datasets\mc_dataset\70363.png,70363
Datasets\mc_dataset\94252.png,94252
Datasets\mc_dataset\61916.png,61916
Datasets\mc_dataset\81340.png,81340
Datasets\mc_dataset\85769.png,85769
Datasets\mc_dataset\58425.png,58425
Datasets\mc_dataset\61890.png,61890
Datasets\mc_dataset\72105.png,72105
Datasets\mc_dataset\14627.png,14627
Datasets\mc_dataset\38185.png,38185
Datasets\mc_dataset\33110.png,33110
Datasets\mc_dataset\57965.png,57965
Datasets\mc_dataset\58518.png,58518
Datasets\mc_dataset\97166.png,97166
Datasets\mc_dataset\52006.png,52006
Datasets\mc_dataset\92653.png,92653
Datasets\mc_dataset\73620.png,73620
Datasets\mc_dataset\94608.png,94608
Datasets\mc_dataset\98959.png,98959
Datasets\mc_dataset\25623.png,25623
Datasets\mc_dataset\79907.png,79907
Datasets\mc_dataset\61328.png,61328
Datasets\mc_dataset\25939.png,25939
Datasets\mc_dataset\31606.png,31606
Datasets\mc_dataset\89962.png,89962
Datasets\mc_dataset\72936.png,72936
Datasets\mc_dataset\21080.png,21080
Datasets\mc_dataset\15213.png,15213
Datasets\mc_dataset\56302.png,56302
Datasets\mc_dataset\53967.png,53967
Datasets\mc_dataset\86137.png,86137
Datasets\mc_dataset\15926.png,15926
Datasets\mc_dataset\36735.png,36735
Datasets\mc_dataset\61282.png,61282
Datasets\mc_dataset\55835.png,55835
Datasets\mc_dataset\64051.png,64051
Datasets\mc_dataset\37252.png,37252
Datasets\mc_dataset\47579.png,47579
Datasets\mc_dataset\28279.png,28279
Datasets\mc_dataset\62118.png,62118
Datasets\mc_dataset\72443.png,72443
Datasets\mc_dataset\76604.png,76604
Datasets\mc_dataset\36897.png,36897
Datasets\mc_dataset\28678.png,28678
Datasets\mc_dataset\97046.png,97046
Datasets\mc_dataset\58910.png,58910
Datasets\mc_dataset\85094.png,85094
Datasets\mc_dataset\13337.png,13337
Datasets\mc_dataset\21297.png,21297
Datasets\mc_dataset\36449.png,36449
Datasets\mc_dataset\99178.png,99178
Datasets\mc_dataset\65789.png,65789
Datasets\mc_dataset\89694.png,89694
Datasets\mc_dataset\61831.png,61831
Datasets\mc_dataset\49162.png,49162
Datasets\mc_dataset\17646.png,17646
Datasets\mc_dataset\46572.png,46572
Datasets\mc_dataset\33316.png,33316
Datasets\mc_dataset\81384.png,81384
Datasets\mc_dataset\50505.png,50505
Datasets\mc_dataset\49972.png,49972
Datasets\mc_dataset\38958.png,38958
Datasets\mc_dataset\60625.png,60625
Datasets\mc_dataset\17559.png,17559
Datasets\mc_dataset\75131.png,75131
Datasets\mc_dataset\72835.png,72835
Datasets\mc_dataset\95291.png,95291
Datasets\mc_dataset\42579.png,42579
Datasets\mc_dataset\98171.png,98171
Datasets\mc_dataset\49914.png,49914
Datasets\mc_dataset\73229.png,73229
Datasets\mc_dataset\20963.png,20963
Datasets\mc_dataset\49051.png,49051
Datasets\mc_dataset\59265.png,59265
Datasets\mc_dataset\21730.png,21730
Datasets\mc_dataset\80877.png,80877
Datasets\mc_dataset\41340.png,41340
Datasets\mc_dataset\89812.png,89812
Datasets\mc_dataset\18733.png,18733
Datasets\mc_dataset\76729.png,76729
Datasets\mc_dataset\11107.png,11107
Datasets\mc_dataset\62846.png,62846
Datasets\mc_dataset\47106.png,47106
Datasets\mc_dataset\47970.png,47970
Datasets\mc_dataset\72575.png,72575
Datasets\mc_dataset\20007.png,20007
Datasets\mc_dataset\80380.png,80380
Datasets\mc_dataset\12974.png,12974
Datasets\mc_dataset\33943.png,33943
Datasets\mc_dataset\49931.png,49931
Datasets\mc_dataset\20786.png,20786
Datasets\mc_dataset\63572.png,63572
Datasets\mc_dataset\34289.png,34289
Datasets\mc_dataset\52380.png,52380
Datasets\mc_dataset\50075.png,50075
Datasets\mc_dataset\63570.png,63570
Datasets\mc_dataset\81682.png,81682
Datasets\mc_dataset\62468.png,62468
Datasets\mc_dataset\41484.png,41484
Datasets\mc_dataset\63011.png,63011
Datasets\mc_dataset\15762.png,15762
Datasets\mc_dataset\36512.png,36512
Datasets\mc_dataset\81267.png,81267
Datasets\mc_dataset\42029.png,42029
Datasets\mc_dataset\28979.png,28979
Datasets\mc_dataset\54064.png,54064
Datasets\mc_dataset\50590.png,50590
Datasets\mc_dataset\41626.png,41626
Datasets\mc_dataset\79498.png,79498
Datasets\mc_dataset\64553.png,64553
Datasets\mc_dataset\52454.png,52454
Datasets\mc_dataset\92023.png,92023
